{
    "gco": 2,
    "gdi": 0,
    "si": 250,
    "gun": 0,
    "ct": 0.001,
    "jt": 1.5,
    "1ma": 0,
    "2ma": 1,
    "3ma": 2,
    "4ma": 3,
    "1po": 0,
    "2po": 0,
    "3po": 0,
    "4po": 0,
    "5po": 0,
    "6po": 0,
    "1su":4000,
    "2su":4000,
    "3su":4000,
    "4su":33.333333,
    "5su":33.333333,
    "6su":33.333333,
    "xfr": 720,
    "yfr": 720,
    "zfr": 720,
    "afr": 45000,
    "bfr": 45000,
    "cfr": 45000,
    "g55x": 0,
    "g55y": 0,
    "g55z": 0,
    "g55a": 0,
    "g55b": 0,
    "g55c": 0,
    "g54x": 0,
    "g54y": 0,
    "g54z": 0,
    "g54a": 0,
    "g54b": 0,
    "g54c": 0,
    "di1en": 1,
    "di2en": 1,
    "di3en": 1,
    "di4en": 1,
    "di5en": 1,
    "di6en": 1,
    "di7en": 1,
    "di8en": 1,
    "di9en": 1,
    "di10en": 1,
    "di11en": 1,
    "di12en":1,
    "di1po": 1,
    "di2po": 1,
    "di3po": 1,
    "di4po": 1,
    "di5po": 1,
    "di6po": 1,
    "di7po": 1,
    "di8po": 1,
    "di9po": 1,
    "di10po": 1,
    "di11po": 1,
    "di12po": 1,
    "xjh": 10000,
    "yjh": 10000,
    "zjh": 10000,
    "ajh": 5,
    "bjh": 5,
    "cjh": 5,
    "xam": 1,
    "yam": 1,
    "zam": 1,
    "aam": 0,
    "bam": 0,
    "cam": 0,
    "spde": 2
}
