{
    "gco": 2,
    "gdi": 0,
    "si": 250,
    "gun": 0,
    "ct": 0.0001,
    "jt": 0.8,
    "1ma": 0,
    "2ma": 1,
    "3ma": 2,
    "4ma": 3,
    "1po": 0,
    "2po": 0,
    "3po": 0,
    "4po": 0,
    "1su":4000,
    "2su":4000,
    "3su":4000,
    "4su":33.333333,
    "5su":33.333333,
    "6su":33.333333,
    "xvm": 360,
    "yvm": 360,
    "zvm": 240,
    "avm": 15000,
    "bvm": 15000,
    "cvm": 15000,
    "xfr": 720,
    "yfr": 720,
    "zfr": 720,
    "afr": 45000,
    "bfr": 45000,
    "cfr": 45000,
    "xjm": 25,
    "yjm": 25,
    "zjm": 25,
    "ajm": 6000,
    "bjm": 6000,
    "cjm": 6000,
    "xtm": 0,
    "ytm": 0,
    "ztm": 0,
    "atm": 0,
    "btm": 0,
    "ctm": 0,
    "xtn": 0,
    "ytn": 0,
    "ztn": 0,
    "atn": 0,
    "btn": 0,
    "ctn": 0,
    "g55x": 0,
    "g55y": 0,
    "g55z": 0,
    "g55a": 0,
    "g55b": 0,
    "g55c": 0,
    "g54x": 0,
    "g54y": 0,
    "g54z": 0,
    "g54a": 0,
    "g54b": 0,
    "g54c": 0,
    "di1mo": 0,
    "di2mo": 0,
    "di3mo": 1,
    "di4mo": 0,
    "di5mo": 0,
    "di6mo": 0,
    "di7mo": 0,
    "di8mo": 0,
    "di1ac": 0,
    "di2ac": 0,
    "di3ac": 0,
    "di4ac": 1,
    "di5ac": 0,
    "di6ac": 0,
    "di7ac": 0,
    "di8ac": 0,
    "di1fn": 0,
    "di2fn": 0,
    "di3fn": 0,
    "di4fn": 0,
    "di6fn": 0,
    "di7fn": 0,
    "di8fn": 0,
    "xjh": 10000,
    "yjh": 10000,
    "zjh": 10000,
    "ajh": 5,
    "bjh": 5,
    "cjh": 5,
    "xam": 1,
    "yam": 1,
    "zam": 1,
    "aam": 0,
    "bam": 0,
    "cam": 3,
    "zl" : 0.5,
    "spde": 2
}
