{
    "position": {
        "x": 0,
        "y": 0,
        "z": -22.07158,
        "a": -3.67679,
        "b": 0,
        "c": 0
    }
}