{
    "gco": 2,
    "gdi": 0,
    "si": 250,
    "gun": 0,
    "ct": 0.001,
    "jt": 1.5,
    "1ma": 0,
    "2ma": 1,
    "3ma": 2,
    "4ma": 3,
    "1po": 0,
    "2po": 1,
    "3po": 0,
    "4po": 1,
    "5po": 1,
    "6po": 0,
    "1su": 2482.81713,
    "2su": 2482.81713,
    "3su": 2979.38061,
    "4su": 2979.38061,
    "5su": 555.55499,
    "6su": 33.33333,
    "xfr": 720,
    "yfr": 720,
    "zfr": 720,
    "afr": 480,
    "bfr": 45000,
    "cfr": 45000,
    "g55x": 0,
    "g55y": 0,
    "g55z": 0,
    "g55a": 0,
    "g55b": 0,
    "g55c": 0,
    "g54x": 0,
    "g54y": 0,
    "g54z": 0,
    "g54a": 0,
    "g54b": 0,
    "g54c": 0,
    "di1en": true,
    "di2en": true,
    "di3en": true,
    "di4en": false,
    "di5en": true,
    "di6en": true,
    "di7en": true,
    "di8en": true,
    "di9en": true,
    "di10en": true,
    "di11en": true,
    "di12en": true,
    "di1po": 1,
    "di2po": 0,
    "di3po": 0,
    "di4po": 0,
    "di5po": 0,
    "di6po": 0,
    "di7po": 1,
    "di8po": 1,
    "di9po": 1,
    "di10po": 1,
    "di11po": 1,
    "di12po": 1,
    "xjh": 10000,
    "yjh": 10000,
    "zjh": 10000,
    "ajh": 10000,
    "bjh": 10000,
    "cjh": 5,
    "xam": 1,
    "yam": 1,
    "zam": 1,
    "aam": 1,
    "bam": 1,
    "cam": 0,
    "spde": 2,
    "5ma": 4
}